CLE;TRADUCTION
(HOME);"(home page)"
(Root);(Root)
"...New page";"New section ..."
"1 level";"1 level"
1_VISUEL_CINEMASCOPE;"1 cinemascope media"
"2 levels";"2 levels"
2_VISUELS_16_9_EMPILES__1_VISUEL_PORTRAIT;"2 visual  16/9 stacked + 1 visual portrait"
2_VISUELS_FORMATS_PORTRAITS;"2 visuals portrait"
2_VISUELS_FORMAT_CARRE;"2 squares media"
2_VISUEL_16_9;"2 16/9 media"
3_VISUEL_CARRES;"3 visual square"
4X4;ABCDEFGHIJKLMNOPQRSTUVWXY27ABCDEFGHIJKLMNOPQRSTUVWXY54ABCDEFGHIJKLMNOPQRSTUVWXY81ABCDEFGHIJKLMNOPQRSTUVWX108ABCDEFGHIJKLMNOPQRSTUVWX135ABCDEFGHIJKLMNOPQRSTUVWX162ABCDEFGHIJKLMNOPQRSTUVWX189ABCDEFGHIJKLMNOPQRSTUVWX216ABCDEFGHIJKLMNOPQRSTUVWXYZ123456789D255
"80 letters alert";"Reminder: the text in this text link must not exceed 80 characters"
ABONNEMENT_NEWSLETTER;Newsletter
ABONNES;Subscribers
ABO_NEWSLETTER;"ABONNEMENT NEWSLETTER UK"
"Accesibility key";"Access key"
ACCES_BACK_OFFICE;Acc
Accroche;Hang
ACL;Actualit
ACTIF;Active
"Action description";"Description of the action"
"Action name";"Action name"
"Activate WebService";"Enable this WebService"
"Activation date";"Activation date"
ACTIVATION_AUTOCOMPLETION;"Activate autocomplete"
ACTIVATION_CHAMP_RECHERCHE;"Search activation"
ACTIVATION_CHAMP_RECHERCHE_;"display search"
ACTIVATION_PRIX_CREDITS;"Activation des prix à crédits"
ACTIVER;Activate
ACTIVER_MOBILE;Mobile
ACTIVER_WEB_TABLETTE;web
ACTIVER_WEB_TABLETTE_MOBILE;"web and mobile"
ACTUALITE;News
ADD;add
Address;Address
ADDRESS_LINE_1;"Adresse (ligne 1)"
ADDRESS_LINE_2;"Adresse (ligne 2)"
ADD_AGAIN;"Ajouter "
ADD_ENCADRE;"Add box"
ADD_FORM_COL;"Add column"
ADD_FORM_CTA;"Add CTA"
ADD_FORM_GALLERY;"Add gallery"
ADD_LIEN;Link
ADD_LIST_PICTO_TEXT;"Add picto ligne"
ADD_TO_BASKET;"Ajouter au panier"
ADD_TO_COMPARISON;"Ajouter "
ADD_TO_MY_SELECTION;"Ajouter à ma sélection"
ADD_TO_QUICKLINKS;"Ajouter aux liens rapides"
"Admin reserved";"Admin reserved"
ADMINISTRATION;Administration
AFFICHAGE;Affichage
AFFICHAGE_MOB;"Mobile display"
AFFICHAGE_WEB;"Web display"
AFFICHAGE_WEB_MOBILE;"Display web / mobile"
AFFICHER;Display
AFFICHER_ASSISTANCE_TELEPHONIQUE;"Display ""Phone Assistance"""
AFFICHER_AUTRES_SITES;"Display ""Others sites"""
AFFICHER_BESOIN_AIDE;"Afficher ""Besoin d'aide"""
AFFICHER_ZONE_ABONNEMENT;"Display ""Zone d'abonnement"""
Aj.;Add.
"Ajax zone";Ajax
Ajout;Addition
ALERT_CTA_MODE_OPEN_LINK;"Veuillez remplir le mode d'ouverture du lien"
ALERT_CTA_TITLE;"Veuillez remplir le libellé du lien "
ALERT_CTA_URL;"Veuillez remplir le l'URL du lien"
Alias;Alias
ALL;Tout
ALLEMAND;Allemand
ALL_FEATURES;"Toutes les fonctionnalit"
ALONE_LAYOUT;"Single template"
ALTERNATIVE;Alternative
ALTERNATIVE_FLASH;"Flash alternative"
"An e-mail request for publication will be sent.";"An e-mail request for publication will be sent."
Analytics;Analytique
"And on";"And on"
ANGLAIS;Anglais
ANNOUNCEMENTS;Annonces
Answer;Reply
"Apart from French";"(In addition to French)"
"Application mobile";"Application mobile"
ARBORESCENCE;Arborescence
"Arborescence cible";"Target tree"
"Arborescence source";"source tree"
ARBORESCENCE_OBLIGATOIRE;"Arborescence obligatoire"
ARBORESCENCE_SOURCE;"Arborescence source"
ARBORESCENCE_UNIQUE;"Veuillez sélectionner une page"
AREAS_OF_INTEREST;"Domaines d'int"
ASSISTANCE;Assist
ASSOCIATED_CONTENT_ORDER;"Order related content"
ASSOCIATED_RUBRIQUE;"Associated topic"
"Attached file";"Been attached"
AUCUNE;Aucune
AUTEUR;Author
Authenticate;Authenticate
Authentification;Authentification
Author;Author
"Auto raise";"Auto raise"
"Available alias";"Available aliases"
"Available blocs";"Unselected blocks"
AWARD_TAB;R
A_CATEGORY;"A category"
A_CONTENT;"A content"
A_PARTIR;"À partir de"
A_PUBLIER;"à publier"
Back;Back
Backend;"Back Office"
"Backend access";"Access BO"
"Backend horizontal display";"Horizontal display (BO)"
BACKEND_CONTENT_ARTICLE_GEOLOCALISATION;Geolocalization
BACKEND_CONTENT_MAIN_TEXT;"Main text"
BackgroundColor;"Couleur de fond"
BackgroundImage;"Image de fond"
BACKOFFICE;"Back Office"
BACK_PATH;"BO Path"
BACK_TO_LIST;"Retour "
Banner;Banni
BANNER_SAMPLE;"Les nouvelles technologies au futur quotidien"
BARRE_D_OUTILS;"Barre d'outils"
BESOIN_AIDE;"Need help"
BLANC;White
BLEU;Blue
BLOC;Block
"Bloc type";"Block type"
BLOCS;Blocks
BoldTitle;"Title in bold"
BONJOUR;Hello
BO_ACCESS;"BO Access"
BROUILLON;Brouillon
BROWSE;Parcourir
BROWSE_PRODUCTS;"Parcourir les produits"
BUSINESS_PROFILE;"Profil professionnel"
"By default";"By default"
CACHE;Cache
CAL_APRIL;April
CAL_AUGUST;August
CAL_CHOOSE_MONTH;"Choose a month."
CAL_CHOOSE_YEAR;"Choose a year."
CAL_CURRENT_MONTH;"Show the current month"
CAL_DATE_FORMAT;mm/dd/yyyy
CAL_DECEMBER;December
CAL_FEBRUARY;February
CAL_FRI;Fri
CAL_FRIDAY;Friday
CAL_JANUARY;January
CAL_JULY;July
CAL_JUNE;June
CAL_MARCH;March
CAL_MAY;May
CAL_MON;Mon
CAL_MONDAY;Monday
CAL_NEXT_MONTH;"Click to go to the next month. Hold mouse Pelican_Index_Backoffice_Button to scroll automatically."
CAL_NOVEMBER;November
CAL_OCTOBER;October
CAL_PREVIOUS_MONTH;"Click to go to the previous month. Hold mouse Pelican_Index_Backoffice_Button to scroll automatically."
CAL_SAT;Sat
CAL_SATURDAY;Saturday
CAL_SELECT_DATE;Select
CAL_SEPTEMBER;September
CAL_SHOW;"Show "
CAL_SUN;Sun
CAL_SUNDAY;Sunday
CAL_THU;Thu
CAL_THURSDAY;Thursday
CAL_TUE;Tue
CAL_TUESDAY;Tuesday
CAL_WED;Wed
CAL_WEDNESDAY;Wednesday
CAL_WEEK;Wk
Carousel;Carrousel
CARRE;square
CASH_PRICE_HT;HT
CASH_PRICE_TTC;TTC
Categorie;Category
CATEGORIES;Cat
CERTIFICATE;Certificat
CHANGE_CLEAR_URL;"Do you  want to update clear url"
CHANGE_COLOR;"Changez la couleur"
CHANGE_MAIL_CONFIRMATION;"Un e-mail vous a "
CHANGE_MAIL_ERROR_PWD_TEXT;"Mot de passe non valable"
CHANGE_MAIL_ERROR_TOKEN;"CHANGE_MAIL_ERROR_TOKEN - to be translated"
CHANGE_MAIL_LABEL;"Changement d'email"
CHANGE_MAIL_MAIL_SUBJECT;"Changement d'email utilisateur"
CHANGE_MAIL_MAIL_TEXT;"Veuillez cliquer sur le lien ci-dessous pour proceder au changement de courriel##URL##"
CHANGE_MAIL_TEXT_PRESENTATION;"Veuillez saisir votre mot de passe pour confirmer votre nouvel adresse "
CHANGE_VIEW;"Modifier l'affichage"
CHAPEAU;"Pre text"
CHAPO;Chapô
CHARACTER;character
CHOISIR;Choose
CHOISISSEZ_VOTRE_LANGUE;"CHOOSE YOUR LANGUAGE"
CHOIX_ALTER_FLASH;"Please choose alternative image for flash"
CHOIX_IMG_FLASH_HTML;"Please choose a image, flash or html"
CHOOSE_ALL;"Choisir tout"
CHOOSE_SITE;"Choose your site"
CINEMASCOPE;Cinemascope
CITY;Ville
CIVILITIES;Civilities
Civility;Titre
CLEAR_URL;"Clear url"
CLOSE;Fermer
CODE;Code
CODE_PAYS;"Country code"
COLUMN;Column
COMMENTAIRES;Comments
Commentary;Comment
COMMENTS;Comments
COMPANY;Soci
COMPANY_ERROR;"Veuillez s"
COMPLEMENT;Complement
Complement2;Complement
CONFIRM_DELETE;"Are you really want to delete this page, its childs page and all attached contents ?"
CONFIRM_DELETE_ZONE;"Do you want delete zone?"
CONFIRM_RESTORE;"Are you really want to restore the page, its childs page and all attached contents ?"
CONSOMMATION;Consommation
CONTACT;Contact
CONTACT_SUBJECT;Objet
Content;Content
"Content categories";"Content Categories"
"Content order";"Content order"
"Content research";"Content research"
"Content type";"Content Type"
"Content types";"Content Types"
CONTENT_NAME;"Content name"
CONTENT_TYPE_ASSOCIATED;"Associated content type"
CONTENUS;Contents
CONTENUS_RECOMMANDES;"Contenus recommandés"
CONTENUS_RECOMMANDES_MAX;"9 contenus recommandés maximum"
CONTENU_UTILISER;"Content used by another content"
CONTRIBUTIONS;Contributions
COOKIES;Cookies
COPIER_COLLER;"Copy and paste"
CORBEILLE;Trash
COUNTRIES;Countries
Country;Pays
"Created on";"Created on"
Createur;Cr
CREATE_COMPARISON;Cr
CREER;Create
CRITERE_LABEL_INTERNE;"Internal label"
CRITERE_LABEL_PUBLIC;"Public label"
"CSS class";"CSS class"
CTA;CTA
CTA_GAMME;"CTA Gamme"
CTA_PDV;"CTA Store locator"
CUSTOMER_DEPOSITS;"CUSTOMER_DEPOSITS - N/A"
CUSTOMER_NUMBER;"CUSTOMER_NUMBER - N/A"
"dans la Recherche";"dans la Recherche"
DATE;Date
DATE_DEBUT;"Start date"
DATE_FIN;"End date"
DATE_FORMAT_DB;MM/DD/YYYY
DATE_FORMAT_LABEL;MM/DD/YYYY
DATE_FORMAT_LABEL_EDITION;"MM/JJ/AAAA, AAAA/MM ou AAAA"
DATE_FORMAT_PHP;m/d/Y
DATE_HEURE_FORMAT_PHP;"d/m/Y H:i:s"
DAVID;David
DECACHE_TRAD;"Generate the translation"
DECACHE_TRAD_FO;D
DECMD_PAGEBREAK;"Page break"
"Deidcated to subscribers";"Subject to subscription"
DEL;del
DELETE_CONTENT;"Content to delete"
DELETE_PAGE_ALERT;"Please note that the removal of this item does not delete content associated with it"
DELIVERY_ADDRESS;"Informations sur la livraison"
DELIVERY_TIME;"DELIVERY_TIME - N/A"
DEL_TRASH;"Delete trash elements"
DEMO_SITE;"Site de demonstration"
DEPENDANCES;Dependencies
DEPENDANCIES;Dependancies
DEPLIE;Déplié
DESACTIVER;Deactivate
DESC;Desc
DESCRIPTION;Description
DESCRIPTION_SERVICE;"Description of Service"
DESIRED_END_DATE;"DESIRED_END_DATE - N/A"
DEVISE_PAYS;"Devise du pays"
DEV_SITE;"Website Development"
DIFFUSION;Diffusion
"Diffusion date and hour";"Date and time of broadcast"
"Direct zone";Direct
"Display date begin";"Starting date display"
"Display end date";"Ending date display"
"Displayed publication date";"Date of publication displayed"
DISTRIBUTOR_ACTEBIS_PEACOK_GMBH;"DISTRIBUTOR_ACTEBIS_PEACOK_GMBH - N/A"
DISTRIBUTOR_API_COMPUTERHANDELS_GMBH;"DISTRIBUTOR_API_COMPUTERHANDELS_GMBH - N/A"
DISTRIBUTOR_B_COM_COMPUTER_AG;"DISTRIBUTOR_B_COM_COMPUTER_AG - N/A"
DISTRIBUTOR_INGRAM_MICRO_DISTRIBUTION_GMBH;"DISTRIBUTOR_INGRAM_MICRO_DISTRIBUTION_GMBH - N/A"
DNS;DNS
DOES_YOUR_COMPANY_HAVE_AN_E_TAIL_SITE;"Votre entreprise poss"
DOES_YOUR_COMPANY_HAVE_A_RETAIL_STORE;"Votre soci"
DONNEES_DE_REFERENCE;Donn
DON_T_KNOW;"Ne sais pas"
Dossiers;Dossiers
DOWNLOAD;T
Drag&Drop;"Drag & Drop (portal area)"
DROITE;Right
"Droits etendus";"Extensive rights"
Ed.;Edit
EDIT;ed
Edition;Edition
EDITORIAL;Editorial
EDITOR_ACCESS;"View in a Screen Reader"
EDITOR_ANCHOR;Anchor
EDITOR_BOLD;Bold
EDITOR_BRING_ABOVE_TEXT;"Bring above text"
EDITOR_BRING_FORWARD;"Bring forward"
EDITOR_BRING_TO_FRONT;"Bring to front"
EDITOR_CHARMAP;"Special car."
EDITOR_CLEAN;"Clean the Pelican_Html code"
EDITOR_CONTENT;"Choose a content"
EDITOR_COPY;Copy
EDITOR_CUT;Cut
EDITOR_DELETECELLS;"Delete cells"
EDITOR_DELETECOLS;"Delete columns"
EDITOR_DELETEROWS;"Delete rows"
EDITOR_DETAILS;"Show details"
EDITOR_DOCUMENT;"Attach a file"
EDITOR_FLASH;"Insert a flash tag"
EDITOR_FONTNAME;"Font name"
EDITOR_FONTSIZE;"Font size"
EDITOR_HELP;Help
EDITOR_HR;"Horizontal line"
EDITOR_HTML;"HTML code"
EDITOR_IMAGE;"Insert an image tag"
EDITOR_IMAGEMAP;ImageMap
EDITOR_IMAGE_PROPERTY;"Edit image properties"
EDITOR_INDENT;Indent
EDITOR_INSERTCELL;"Insert a cell"
EDITOR_INSERTCOL;"Insert a column"
EDITOR_INSERTROW;"Insert a row"
EDITOR_INSERTTABLE;"Insert a table"
EDITOR_INTERNAL;"Internal link"
EDITOR_ITALIC;Italic
EDITOR_JUSTIFYCENTER;"Justify center"
EDITOR_JUSTIFYLEFT;"Justify left"
EDITOR_JUSTIFYRIGHT;"Justify right"
EDITOR_LINK;Link
EDITOR_LINKCHECK;"Check document links"
EDITOR_LOCK_ELEMENT;"Lock element"
EDITOR_MAKE_ABSOLUTE;"Make absolute"
EDITOR_MERGECELLS;"Merge cells"
EDITOR_MODIFTABLE;"Modify table / cell"
EDITOR_ORDERLIST;"Ordered list"
EDITOR_OUTDENT;Outdent
EDITOR_PALETTE;Emoticons
EDITOR_PASTE;Paste
EDITOR_REDO;Redo
EDITOR_REMOVEFORMAT;"Remove format"
EDITOR_SAVE;Save
EDITOR_SELECTALL;"Select all"
EDITOR_SEND_BACKWARD;"Send backward"
EDITOR_SEND_BELOW_TEXT;"Send below text"
EDITOR_SEND_TO_BACK;"Send to back"
EDITOR_SETBACKCOLOR;"Background color"
EDITOR_SETFORECOLOR;"Font color"
EDITOR_SNAPTOGRID;"Snap to grid"
EDITOR_SPLITCELL;"Split cell"
EDITOR_STRIKETHROUGH;"Strike through"
EDITOR_SUBSCRIPT;Subscript
EDITOR_SUPERSCRIPT;Superscript
EDITOR_TABLE_PROPERTY;"Edit table properties"
EDITOR_TEMPLATE;"Choose a template"
EDITOR_TIDY;"Clean the Pelican_Html code with Tidy"
EDITOR_TOC;"Insert a Table of content"
EDITOR_UNDERLINE;Underlined
EDITOR_UNDO;Undo
EDITOR_UNLINK;"Delete link"
EDITOR_UNORDERLIST;"Unordered list"
EDITOR_VISIBLEBORDERS;"Show/Hide borders"
EDIT_MY_NEWS;"Modifier mes actualit"
EDIT_MY_QUICKLINKS;"Modifier ma liste "
EMAIL;Mail
EMAIL_ERROR;"Veuillez saisir votre adresse "
EMAIL_FOR_LOGIN;"Adresse "
EMAIL_SUBSCRIBER_REMOVED;Désolé
EMBARGO_PLD_LEGEND;Prochainement
EMISSION;Emission
ENCADRE;Framed
End;End
"End hour";"End time"
END_DATE_VIEWING;"End showing date"
ENERGIE;Energy
ENERGIE_FRONT;Energy
ENQUIRY_FORM_BLOC_A_LABEL;"ENQUIRY_FORM_BLOC_A_LABEL - N/A"
ENQUIRY_FORM_BLOC_B_LABEL;"ENQUIRY_FORM_BLOC_B_LABEL - N/A"
ENQUIRY_FORM_BLOC_C_LABEL;"ENQUIRY_FORM_BLOC_C_LABEL - N/A"
ENQUIRY_FORM_BLOC_D_LABEL;"ENQUIRY_FORM_BLOC_D_LABEL - N/A"
ENQUIRY_FORM_BLOC_E_LABEL;"ENQUIRY_FORM_BLOC_E_LABEL - N/A"
ENQUIRY_FORM_BLOC_F_LABEL;"ENQUIRY_FORM_BLOC_F_LABEL - N/A"
ENQUIRY_LINK;"ENQUIRY_LINK - N/A"
Entete;Header
ERREUR_SITE_NON_CONFORME;"Ce fichier n’as pas été généré à partir de ce site. Veuillez sélectionner un autre fichier."
ERROR;error
ERROR_POS_DENIED_ACCESS;"Vous devez "
ETAT;State
EVENT_TAB;Ev
EXCLUDING_VAT;"Hors TVA"
EXPIRATION;Expiry
EXPLOITATION;Exploitation
EXPORT;Export
EXPORTER;Exporter
EXPORT_TRAD_FO;Exporter
FAQ;Q&R
FAQ_RUBRIQUE_LABEL;Rubrique
FAQ_RUBRIQUE_PICTO;"Picto de rubrique"
Fax;Fax
FEATURE;Feature
"Featured Links";Liens
FEATURE_TYPE;"Type of feature"
FERMER;Fermer
FICHIERS;Files
FICHIER_IMPORT;"Fichier import (format attendu xml)"
FICHIER_IMPORT_OBLIGATOIRE;"Fichier import obligatoire"
FILE_BYTE;o
FILE_FULL_BYTE;byte(s)
FILTER;Filtrer
FILTER_TYPE_1;"Filter type 1"
FILTER_TYPE_2;"Filter type 2"
FIL_DARIANE_HOME;breadcrum
FIND_ARCHIVED_PRODUCTS;"Rechercher des produits archiv"
FIRST_NAME;Firstname
FIRST_NAME_ERROR;"Veuillez saisir votre pr"
FIRST_TIME_DELIVERY;"FIRST_TIME_DELIVERY - N/A"
FLASH;Flash
FOCUS_AREA;"Domaines d'int"
Fonction;Function
"Fonctionality type";"Type of functionality"
Fonctionnalite;Functionality
FONCTIONNALITES;Fonctionnalit
Fonctionnalities;Features
FONCTIONS;Functions
FOOTER;Footer
FORGOT_PASSWORD;"Mot de passe oubli"
FORGOT_PASSWORD_ERROR_EMAIL_TEXT;"Adresse "
FORGOT_PASSWORD_ERROR_PWD_TEXT;"message d'erreur pour formulaire oubli mot de passe"
FORGOT_PASSWORD_LABEL;"Mot de passe oubli"
FORGOT_PASSWORD_TEXT_PRESENTATION_STEP1;"Saisissez votre adresse "
FORGOT_PASSWORD_TEXT_PRESENTATION_STEP2;"Un message "
FORGOT_PASSWORD_TEXT_PRESENTATION_STEP3;"Pour r"
FORMAT_ATTENDU;"Format :"
FORMAT_DATE;"Date format"
FORM_BUTTON_ADD;Add
FORM_BUTTON_ADD_MULTI;"Add a"
FORM_BUTTON_ADD_VALUE;"Add a value"
FORM_BUTTON_BACK;"Go back"
FORM_BUTTON_COLOR;"Background color"
FORM_BUTTON_CONSULT;View
FORM_BUTTON_COPY;Clone
FORM_BUTTON_DELETE;Delete
FORM_BUTTON_EDIT;Edit
FORM_BUTTON_EDITOR;"Launch the online editor"
FORM_BUTTON_FILE_DELETE;Delete
FORM_BUTTON_FILE_SELECT;"Select a file"
FORM_BUTTON_FILE_VIEW;"Preview the file"
FORM_BUTTON_IMG_SELECT;"Select an image"
FORM_BUTTON_IMG_TITLE;Preview
FORM_BUTTON_LINK_SELECT;"Select a link"
FORM_BUTTON_PREVIEW;Preview
FORM_BUTTON_SAVE;Save
FORM_BUTTON_SEARCH;Search
FORM_BUTTON_SELECT;Select
FORM_CTA;CTA
FORM_DISPLAY_ORDER;"Ordre d'affichage"
FORM_FAQ_CAT;"Catégorie de FAQ"
FORM_FAQ_RUB;"Rubrique de FAQ"
FORM_FILL;"Please fill"
FORM_KEY_POINT;"Point fort"
FORM_LABEL;Label
FORM_LINK_LABEL;"Libellé du lien"
FORM_LINK_URL;"Url du lien"
FORM_MAP_ADD;"Modify the ImageMap"
FORM_MOST_WANTED_QUESTIONS;"Questions les plus posées"
FORM_MSG_ALPHANUM;"a text with only letters and numbers"
FORM_MSG_CONFIRM_DEL;"Do you confirm this deletion ?"
FORM_MSG_DATE;"a valid date (MM/DD/YYYY)"
FORM_MSG_DATE_EDITION;"a valid editorial date (MM/JJ/AAAA, AAAA/MM ou AAAA)"
FORM_MSG_ERROR_HIERARCHY_PAGE_LANG;"You need to save parent page in this language first."
FORM_MSG_HEURE;"a valid hour (hh:mn))"
FORM_MSG_LIMIT_1;"You cannot type more than"
FORM_MSG_LIMIT_2;"characters for"
FORM_MSG_LIST_AVAILABLE;"Available values"
FORM_MSG_LIST_SELECTED;"Selected values"
FORM_MSG_MAIL;"a valid email address"
FORM_MSG_NUMBER;"an integer value"
FORM_MSG_REAL;"a numeric value"
FORM_MSG_TELEPHONE;"a valid phone number"
FORM_MSG_URL;"a valid internet address (http://... or https://...)"
FORM_MSG_VALUE_CHOOSE;"Please choose a value for"
FORM_MSG_VALUE_CONTENT;"Please type a content for"
FORM_MSG_VALUE_FILE;"Please choose a file for"
FORM_MSG_VALUE_REQUIRE;"Please type a value for"
FORM_MSG_WITH;with
FORM_MSG_YEAR;"a year with 4 numbers"
FORM_MSG_YES;yes
FORM_NOT_PUBLISHED;"non publié"
FORM_PUBLISHED;Publié
FORM_RESPONSE;Réponse
FORM_SELECT_CHOOSE;"-> Choose"
FORM_TITLE_LIST;"Titre de la liste"
FORM_VISUAL;Visual
"Frame type";"Type of box"
FRANCAIS;French
"Free content";"Free content"
"Free/public package";"Free Package / public"
FRIEND_SEND_ICONE;"Friend send icon"
Front;Front
FRONT_PATH;"FO Path"
FUSEAU;Timezone
"Gabarit Mobile";"Mobile template"
"Gabarit Web";"Web template"
GABARITS;Gabarits
GABARIT_HIDDEN;"Hidden template"
GABARIT_UNIQUE;"Unique template"
GAMME;Gamme
GAMME_BUSINESS;"Gamme business"
GAMME_LIGNE_C;"Ligne C"
GAMME_LIGNE_C_FO;"LA LIGNE C"
GAMME_LIGNE_DS;"Ligne DS"
GAMME_LIGNE_DS_FO;"LA LIGNE DS"
GAMME_VEHICULE_UTILITAIRE;"Véhicules utilitaire"
GAMME_VEHICULE_UTILITAIRE_FO;"VÉHICULES UTILITAIRES"
GAUCHE;Left
GENERAL;G
GENERAL_SETTINGS;"General settings"
GENERATION;G
Geolocation;Geolocation
GESTION;Gestion
GESTION_DES_TAGS;"Gestion des tags"
GESTION_DES_URLS;URLs
GESTION_MODE;"Display mode"
"Global parameters";"General Settings"
GLOBAL_PAGE;-General-
GLOSSARY;Glossaire
GOOGLE_ANALYTICS;"Google analytics"
GRIS;Grey
Groupe;Group
GROUPES_DE_RESEAUX_SOCIAUX;"Groupe de réseaux sociaux"
"Has list";"Affichage en liste"
HEADER;Header
HIDDEN;Hidden
HIDE;Hidden
"Hide when add";"Hide the addition"
HIDE_LAYOUT;"Hidden template"
HIDE_WHILE_VIEW;"Hide when add"
HIGH_RESOLUTION;"Haute r"
HORIZONTAL_VIEW_BO;"Horizontal view (BO)"
HOUR_FORMAT_LABEL;hh:mm
HTML;html
Icon;Icon
icone;Icon
ID;ID
Identifiant;Identifiant
Identifier;"ID is"
ID_COMPTE;"User id"
"Iframe zone";Iframe
IFRAME_MOBILE;"Iframe available for mobile"
IFRAME_NON_DISPO;"This content is not available on the mobile version, please consult the web version"
IMAGE;Image
IMAGE;Image
"Image link";"Image link"
"Image originale";"Original image"
"Image position";"Image position"
IMAGES;Pictures
IMAGE_FOND_GENERALE;"General background image"
IMAGE_GAMME;Image
IMAGE_MOBILE;"Mobile image"
IMAGE_PDV;Image
IMAGE_WEB;"Web image"
IMG_CHANGE_MAIL_SAVE_NEW_EMAIL_BUTTON;"Enregistrer nouvelle adresse "
IMG_DOWNLOAD_ALL_BUTTON;T
IMG_DOWNLOAD_SELECTED_ITEMS_BUTTON;T
IMG_FORGOT_PASSWORD_SAVE_NEW_PASSWORD_BUTTON;"Enregistrer le nouveau mot de passe"
IMG_FORGOT_PASSWORD_SEND_BUTTON;Envoyer
IMG_LOGIN_BUTTON;Connexion
IMG_REGISTER_BUTTON;"Inscrivez-vous !"
IMG_REGISTRATION_BUTTON;S'inscrire
IMG_SAVE_CHANGES_BUTTON;"Sauvegarder les changements"
IMG_SEARCH_BUTTON;Rechercher
IMG_SEND_ENQUIRY_BUTTON;"Envoyer la demande"
IMG_SEND_REQUEST_BUTTON;"Envoyer la demande"
IMG_TAKE_TOUR_BUTTON;"Regarder la pr"
IMG_TOP_CAT_BUTTON;N
IMG_TOP_PRODUCT_BUTTON;"Nous recommandons"
IMG_WE_RECOMMEND_BUTTON;
IMPORT;Import
IMPORTER;Importer
IMPORT_TRAD_FO;Importer
IMPORT___EXPORT;"Import / export"
"In home";"Home page"
"In page";"In the section"
Indexer;Indexer
"Info external links";"(=> For external links, type 'http://' before the link)"
Informations;Information
INTERNAL_CONTACT_SOCIETY;"INTERNAL_CONTACT_SOCIETY - N/A"
INTRO;Introduction
IN_THE_RUBRIQUE;"In the topic"
IN_THE_SEARCH;"In the search de JACKADI"
ITEM_REQUESTED;El
"Javascript a inclure";"Javascript to include"
KEY_WORDS;Keywords
"la date de publication";"la date de publication"
LABEL;Label
"Label (saction)";"Text (action)"
"Label (state)";"Text (status)"
LABEL_FILE_TRAD_FO;Fichier
LABEL_TRAD_LANG_FO;Langue
LABEL_TRANSLATE;Traduction
LANGS;Langs
LANGUAGE;Langue
Languages;Languages
"Langue source";"Source language"
LANGUETTE;Tab
LANGUETTE;Tab
LANGUE_CIBLE;"Target language"
LANGUE_OBLIGATOIRE;"Langue obligatoire"
LANGUE_SOURCE;"Langue source"
LANGUE_SOURCE_OBLIGATOIRE;"Langue source obligatoire"
LANG_EN;Anglais
LANG_FR;French
LANG_LIST;"Liste des langues"
LANG_LIST_MASTER;"Languages list"
LARGEUR;Width
"Last articles";"Les derniers articles"
LAST_NAME;Nom
LAST_NAME_ERROR;"Veuillez saisir votre nom"
LAYOUT;Template
"Layout type";"Type template"
LAYOUT_SHORTCUT;Shortcut
LCDV_CODE;"Code LCDV"
"le QR Code";"le QR Code"
LEADS;Leads
LEARN_MORE;"Pour en savoir plus"
"Left label";"Wording left"
LEGENDE;"Legend (alt)"
"les commentaires";"les commentaires"
"les partages sociaux";"les partages sociaux"
"les tags";"les tags"
Levels;Levels
LIBELLE;Libelle
LIBELLE_BOUTON_VALIDATION;Link
LIBELLE_INTERNE;"Internal label"
LIBELLE_LANGUETTE;Label
LIBELLE_lIEN;"Link label"
LIB_HOME;"Home label"
LIB_PLAN_SITE;"Sitemap label"
LIB_SEARCH;"Search label"
LIEN;Link
LIEN_COMPLET;"Full link"
LIEN_MOBILE;"Mobile url"
LIEN_PAGE_MENTION;"Link terms of use page"
LIEN_SIMPLE;"Simple link"
LIEN_WEB;"Web url"
LIGNE_C;"C Ligne"
LIGNE_DS;"DS Ligne"
LINK;"Lien internet"
"Linked page";"Section membership"
LINK_LABEL;"language link"
LINK_PARAMETER;"Url parameter"
Liste;List
LOCKED_RECORD;"This record is locked for editing by:"
LOGIN;Logins
"Login previsu";"Preview login"
LOGIN_ERROR_NOT_EXIST;"Mauvais login/mot de passe"
Logo;Logo
LOGOUT;D
LONG_ADDRESS;"Real address"
LONG_TITLE;"Long title"
"Lost password";"Forgot your password?"
LOT_SIZES;"LOT_SIZES - N/A"
LOW_RESOLUTION;"Basse r"
l_auteur;l'auteur
MAIL_APPROVAL_REQUEST_BODY;"Vous avez re"
MAIL_APPROVAL_REQUEST_SUBJECT;"Votre approbation est requise"
"Main text";"Main text"
MAIN_RUBRIQUE;"Main topic"
MAIN_URLS;"Main URL"
MANAGE_TITLE;"Manage title"
Map;Cartographie
"Map provider";Cartographie
MASQUER;Hide
MAX_TRIES;"Number of tentative date."
MEDIA;Media
"Media type";"Media types"
"Media utilisé par un contenu";"Media use by content"
MEDIATHEQUE;M
MEDIA_TYPES;"Media types"
MEDIUM_RESOLUTION;"Moyenne r"
"Menu properties";"Menu properties"
MESSAGE;Message
"Meta description";"Description (Meta)"
"Meta keywords";"Keywords (Meta)"
"Meta title";"Title (Meta)"
Metier;Job
MIGRATION_CHOOSE;Choisir
Minisite;Minisite
MIN_TWO_COL;"Two column is needed to display the bloc"
Miscellaneous;Various
MOBILE;Mobile
MODERATION;Mod
MODE_AFFICHAGE;"Display mode"
MODE_OUVERTURE;"Open mode"
MODULE;Module
MSG_AIDE_SELECT;"Selection guide"
MY_DATA;"Mes donn"
MY_NEWS;"Mes actualit"
NAME;Nom
"Name or content";"Name or content"
"Name or path";"Name or path"
NAVIGATION;Navigation
NB_USE;"NB Use"
Neutre;Neutral
NEWEST_PRODUCTS;"Produits les plus r"
NEWS;Actualit
NEWSLETTERS_SETTING;Param
Newsletter_subscription;"Inscription "
NEWS_SETTINGS;Param
NEW_EMAIL_LABEL;"Nouvelle adresse "
NEW_PASSWORD_LABEL;"Nouveau mot de passe"
NEW_PASSWORD_REPEAT_LABEL;"Confirmation du nouveau mot de passe"
NEW_RUBRIQUE;"New topic"
"Next state";"Following State"
NE_PAS_ACTIVER;"Not activate"
NE_PAS_AFFICHER;"Ne pas afficher"
NO;Non
"No template";"No template"
NOIR;Black
Nom;Name
NOMBRE_DE_TRANCHE_ONGLET;"Nombre de tranche à prendre en compte pour cet onglet"
NOMBRE_ITEM_PAR_LIGNE;"Nombre d'item par ligne"
NOMBRE_ITEM_PAR_LIGNE_OBLIGATOIRE;"Number of item by row is required"
NOM_SERVICE;"Service Name"
NON;No
NONE;No
NONE_F;No
NOTICES;Notices
NOT_DISPLAY;"Not display"
NUMBER;Number
NUMERO_TELEPHONE;"Phone number"
NUM_TEL;"Phone number"
OFFLINE;Offline
OK;OK
"One criteria";"One criteria"
ONE_GABARIT_SITE;"Only one template/site"
ONE_SITE_LAYOUT;"A single template / site"
ONE_SITE_USE;"1-time use / site"
ONE_USE;Use
ONE_USE_SITE;"Only one use/site"
ONGLET;Onglet
ONLY_MOBILE;"Only mobile"
ONLY_WEB_TAB;"Only Web / Tab"
ON_HOME_PAGE;"On homepage"
OR;ou
Order;Ordre
ORDER_SELECTED_ITEMS;"ORDER_SELECTED_ITEMS - N/A"
ORDRE;Order
"Ordre d_affichage";"Display order"
OTHER_INFORMATION_SUPPORT_SERVICES_NEEDED;"OTHER_INFORMATION_SUPPORT_SERVICES_NEEDED - N/A"
OUI;Yes
"Output format";"Output Format"
OUVRIR_NIVEAU_3;"Ouvrir le niveau 3"
OU_A_PARTIR_DE;"ou à partir de "
"Package name";"Package name"
PAGE;Page
pages;pages
pages;pages
PAGE_CONTENT_HIER;"Page containing hierarchical elements"
PAGE_MENU_NAV;"Page used in navigation menus"
PAGE_NOT_FOUND;"Page not found"
PAGE_TITLES;"Page titles"
PARAMETER;Parameter
PARAMETRAGE;"Setting for "
PARAMETRES;Settings
PARTAGE_COMPARAISON;"Partager ma comparaison :"
"Partners with package access";"Partners with access to the package"
PASSWORD;Password
PAYANT;Paying
"Pays source";"Source country"
PAYS_CIBLE;"Pays cible"
PAYS_CIBLES;"Pays cibles"
PAYS_CIBLES_OBLIGATOIRE;"Pays cibles obligatoire"
PAYS_SOURCE;"Source country"
PDF_ICONE;"Pdf icon"
PER_MONTH;"/ month"
Phone;T
PHOTO;Photo
"PHP Class";Class
Picto;Picto
PICTO_RUBRIQUE;"Picto / Topic"
Pied;Footer
"Player size";"Player size"
PLEASE_CHOOSE_A_SUBJECT;"Veuillez s"
PLUGIN;Plugin
PLUGINS;plugins
PLUGIN_CONTENT;Cont.
PLUGIN_NAV;Nav.
Poll;Sondage
"Poll already voted";"Vote not taken into account. You have already voted!"
POPUP_ANCHOR_PROPERTIES;"Anchor properties"
POPUP_ANCHOR_TITLE;Anchor
POPUP_BUTTON_BACK;Back
POPUP_BUTTON_CANCEL;Cancel
POPUP_BUTTON_CLOSE;Close
POPUP_BUTTON_OK;OK
POPUP_BUTTON_PROPERTIES;Properties
POPUP_BUTTON_RESTORE;Restore
POPUP_BUTTON_SAVE;Save
POPUP_BUTTON_SELECT;Select
POPUP_COLOR_CUSTOM_PALETT;"custom palett"
POPUP_COLOR_TITLE;"Color picker"
POPUP_CONTENT_DATA;"Contents :"
POPUP_ICONS_TITLE;Icons
POPUP_LABEL_ACTION;Action
POPUP_LABEL_ADD;Add
POPUP_LABEL_ALIGNMENT;Alignment
POPUP_LABEL_ALT;"Tool tip"
POPUP_LABEL_BACKGROUND_COLOR;"Background color"
POPUP_LABEL_BORDER;Border
POPUP_LABEL_CAPTION;Legend
POPUP_LABEL_CENTER;Center
POPUP_LABEL_COLOR;Color
POPUP_LABEL_DEL;Delete
POPUP_LABEL_FILE;File
POPUP_LABEL_FOLDER;Folder
POPUP_LABEL_HEIGHT;Height
POPUP_LABEL_HOR_ALIGN;"Align. Hor."
POPUP_LABEL_HOR_SPACE;"Horizontal space"
POPUP_LABEL_LEFT;Left
POPUP_LABEL_MIDDLE;Middle
POPUP_LABEL_NAME;Name
POPUP_LABEL_NONE;No
POPUP_LABEL_NONE2;No
POPUP_LABEL_ORIGINAL_SIZE;"Return to original size"
POPUP_LABEL_PRESERVE;"Preserve the dimensions"
POPUP_LABEL_QUALITY;Quality
POPUP_LABEL_QUALITY_BEST;Automatic
POPUP_LABEL_QUALITY_HIGH;High
POPUP_LABEL_QUALITY_LOW;Low
POPUP_LABEL_QUALITY_MEDIUM;Average
POPUP_LABEL_RIGHT;Right
POPUP_LABEL_TITLE;Title
POPUP_LABEL_TOP;Top
POPUP_LABEL_VERT_ALIGN;"Vert. Align."
POPUP_LABEL_VERT_SPACE;"Vertical space"
POPUP_LABEL_WIDTH;Width
POPUP_LINK_CURRENT_PAGE;"Current Page"
POPUP_LINK_CUSTOM;personalized
POPUP_LINK_NEW_PAGE;"new window"
POPUP_LINK_PARENT_FRAME;"Parent frame"
POPUP_LINK_TARGET;Target
POPUP_LINK_TITLE;"Properties links"
POPUP_LINK_TOP_FRAME;"The entire window"
POPUP_MEDIA_BROWSER;Library
POPUP_MEDIA_FILE;Files
POPUP_MEDIA_FLASH;Flash
POPUP_MEDIA_IMAGE;Pictures
POPUP_MEDIA_LABEL_ADD_FILE;"Adding a File"
POPUP_MEDIA_LABEL_ADD_FOLDER;"Adding a folder"
POPUP_MEDIA_LABEL_FILE_NAME;File
POPUP_MEDIA_LABEL_HTTP;Url
POPUP_MEDIA_LABEL_LAST_ACCES;"Creation date"
POPUP_MEDIA_LABEL_NEW_FILE;File
POPUP_MEDIA_LABEL_NEW_FILE_COMMENT;"(upload multiple, sauf IE)"
POPUP_MEDIA_LABEL_NEW_FOLDER;"New folder"
POPUP_MEDIA_LABEL_NO_FILE;"No file"
POPUP_MEDIA_LABEL_PATH;Path
POPUP_MEDIA_LABEL_PROPERTIES;Properties
POPUP_MEDIA_LABEL_REPLACE;Replace
POPUP_MEDIA_LABEL_SIZE;Size
POPUP_MEDIA_LIBRARY_TITLE;"Media Library"
POPUP_MEDIA_MSG_DEL_FILE;"Are you sure you want to delete this file?"
POPUP_MEDIA_MSG_DEL_FOLDER;"Are you sure you want to delete this?"
POPUP_MEDIA_MSG_DEL_MEDIA_FORMAT;"Are you sure you want to remove this custom size?"
POPUP_MEDIA_MSG_DEL_ROOT;"You can not delete the root folder: Please select a different folder"
POPUP_MEDIA_MSG_EMPTY_FOLDER;"The file must be empty to be deleted"
POPUP_MEDIA_MSG_MOVE_FOLDER;"Are you sure to want to move this folder?"
POPUP_MEDIA_MSG_MOVE_MEDIA;"Are you sure to want to move this file?"
POPUP_MEDIA_MSG_REAL_SIZE;Size
POPUP_MEDIA_MSG_SELECT_FOLDER;"Please select a folder"
POPUP_MEDIA_MSG_SELECT_MEDIA;"Please select a file"
POPUP_MEDIA_VIDEO;Video
POPUP_REF_USED;"This value is used."
POPUP_RUBRIQUE_DATA;"Rubriques :"
POPUP_RUBRIQUE_DATA_AUTRE_SITE;"Rubriques (others sites) : "
POPUP_SEARCH_EMPTY;"Enter something to search."
POPUP_SEARCH_LIMIT;"More than 100 values were found. 
Be more specific."
POPUP_SEARCH_NOFOUND;"Nothing was found."
POPUP_SEARCH_TITLE;Search
POPUP_SEARCH_WAIT;"Searching ..."
POPUP_SPECIAL_CHARS_TITLE;"Special Characters"
POPUP_TABLE_BASELINE;Baseline
POPUP_TABLE_CELL;Cell
POPUP_TABLE_CELL_PROPERTIES;"Properties of cell"
POPUP_TABLE_COLUMNS;Columns
POPUP_TABLE_LINE;Line
POPUP_TABLE_LINES;Lines
POPUP_TABLE_LINE_PROPERTIES;"Line Properties"
POPUP_TABLE_NOWRAP;"No newline"
POPUP_TABLE_TABLE_PROPERTIES;"Properties Table"
POPUP_TABLE_TITLE;"Properties Table / Row / Cell"
POPUP_TEMPLATES_TITLE;Models
POPUP_UPLOAD_ALREADY_EXISTS;"The file already exists in "
POPUP_UPLOAD_ATTACHED;Attachment
POPUP_UPLOAD_IMPOSSIBLE;"Can not copy file."
POPUP_UPLOAD_NO_FILE;"The file you sent has a size zero"
POPUP_UPLOAD_PART_ONLY;"Sending the file has been interrupted during transfer"
POPUP_UPLOAD_REPLACE;"File already exists: you can either replace or rename the transferred file"
POPUP_UPLOAD_SEND;Send
POPUP_UPLOAD_TITLE;"File Transfer"
POPUP_UPLOAD_TOO_BIG;"The file exceeds the limit in the form Pelican_Html"
POPUP_UPLOAD_TOO_BIG_PHP;"The file exceeds the limit allowed by the server (php.ini)"
POPUP_UPLOAD_WRONG_TYPE;"File type not allowed"
POPUP_VERSION;Version
POP_IN;Pop'in
POSITION_IMG;"Image place"
"Postal code";"Zip code"
posted;published
POUVONS_NOUS_VOUS_AIDER;"Can we help us?"
preprod;preprod
PREPROD_SITE;"Website preproduction"
"Preserve DNS";"Preserve the DNS"
PRESS_ARTICLES_TAB;"Articles de presse"
PRESS_ARTICLE_MEDIA_ONLINE;"En ligne"
PRESS_ARTICLE_MEDIA_PRINT;Imprim
PRESS_ARTICLE_MEDIA_RADIO;Radio
PRESS_ARTICLE_MEDIA_TV;TV
PRESS_RELEASES_TAB;Communiqu
Preview;Preview
PREVIEW_MDP;Password
PRICE;Prix
PRINT_ICONE;"Print icon"
PRINT_PAGE;"Imprimer la page"
PRIX;Price
PRODUCTS;Produits
PRODUCT_ARCHIVED;"Ce produit a "
PRODUCT_COLOR_COLLECTION;"Collection couleur"
PRODUCT_DATASHEETS_AND_CERTIFICATES;"Fiches techniques et certificats"
PRODUCT_DATA_SHEET;"Fiche produit"
PRODUCT_DESCRIPTION;Description
PRODUCT_DESC_100_WORDS;"Description de 100 mots"
PRODUCT_DESC_25_WORDS;"Description de 25 mots"
PRODUCT_DESC_50_WORDS;"Description de 50 mots"
PRODUCT_DESC_AWARD;R
PRODUCT_DESC_CORE_DIFF;"Justification de l'achat"
PRODUCT_DESC_LANDINGPAGE;Activit
PRODUCT_DESC_NEWS;Actualit
PRODUCT_DESC_PACKAGE_CONTENTS;Contenu
PRODUCT_DESC_SALES_BENEFITS;"Arguments de vente"
PRODUCT_DESC_SAMPLE_AD_COPY;"Echantillon publicitaire"
PRODUCT_DESC_SHELF_CARD_COPY;"Affiche de rayon"
PRODUCT_EMBARGO_DATE;"Date de l'embargo"
PRODUCT_FEATURES;Fonctions
PRODUCT_IMAGES;Images
PRODUCT_INFORMATION_TITLE;"Produits connexes"
PRODUCT_LAUNCH_DATE;"Date de lancement du produit"
PRODUCT_LOGISTIC_INFO;"Info logistique"
PRODUCT_MODEL;"PRODUCT_MODEL - N/A"
PRODUCT_NAME;"Nom du produit"
PRODUCT_NAME_IN_SEARCH_AREA;"Saisir nom de produit / num"
PRODUCT_PART_NUMBER;Num
PRODUCT_QTY;"PRODUCT_QTY - to be translated"
PRODUCT_RELATED_PRODUCTS;"Produits connexes"
PRODUCT_REQUIRED_OFFER_PRICE;"PRODUCT_REQUIRED_OFFER_PRICE - to be translated"
PRODUCT_REQUIREMENTS;"PRODUCT_REQUIREMENTS - to be translated"
PRODUCT_TYPE;"Product type"
PRODUCT_TYPE_ALL;All
PRODUCT_TYPE_BUSINESS;"Business product"
PRODUCT_TYPE_RETAIL;"Retail product"
PRODUCT_TYPE_RETAIL_RECOMMENDED_FOR_BUSINESS;"Retail product recommended for business"
PRODUCT_UNIFYING;Unifying
PROD_SITE;"Website production"
PROFIL;Profile
PROFILE;Profile
Profiles;"Profile (s)"
PROFILS;Profils
Protocole;"HTTPS protocol"
PSA_INTEGRATION;INTEGRATION
PSA_PREPROD;PREPRODUCTION
PSA_PROD;PRODUCTION
PSA_RECETTE;RECETTE
Pub;Pub
Public;Public
PUBLICATION;Publication
"Publication state";"State publication"
PUBLICATION_BY;"by "
PUBLICATION_DATE;"Publication date"
PUBLICATION_DATE_VIEWED;"Showing date"
PUBLICATION_ON;"the "
PUBLIC_TITLE;"Public title"
PUBLIE;Publié
PUSH;Push
PUSH_ASSOCIE;"Associate push"
PUSH_CONTENU_ANNEXE;"Push de contenu annexe"
PUSH_MEDIA;"Push Media"
PUSH_OUTILS_MAJEUR;"Push d'outils Majeur"
PUSH_OUTILS_MINEUR;"Push d'outils Mineur"
PUSH_VEHICULE_UTILITAIRE;"Push : véhicule utilitaire"
Question;Question
QUE_RECHERCHEZ_VOUS;Search
QUICKLINKS_BUBBLE_TEXT;"Ajouter "
QUICKLINKS_INFOS;"Pour ajouter une page "
QUICKLINKS_TITLE;"Liste "
Raccourcis/Alias;"Shortcuts / Alias (code 200)"
RATING;Note
Recent_comment;"Commentaires r"
"Rechercher dans :";"Rechercher dans :"
"Rechercher les medias nommés ou avec l'id";"Search with name or ID"
RECHERCHE_RATIO;Ratio
RECOMMENDED_PRODUCTS;"Nous recommandons"
RECOMMENDED_RETAIL_PRICE;"Prix recommand"
RECUPERATION_AUTOMATIQUE;"Récupération automatique"
Redirections;"Redirects (code 301)"
"Reference data";Baseline
"Reference table";"Reference tables"
Refernce;Reference
REGISTER;S'incrire
REGISTRATION;Inscription
REGISTRATION_CONFIRMATION;"Votre demande d'inscription a "
REGISTRATION_LOGIN_EXIST;"Cet identifiant existe d"
REGROUPEMENT_DEFAUT_GALERIES_MEDIA;"default group (media gallery)"
REGROUPEMENT_DEFAUT_PUBLIC;"Default group"
REMEMBER_ME;"Se souvenir de moi"
REMONTEE_AUTO;"Auto ascent"
REMOVE;Supprimer
REMOVED;Supprim
REPEAT_PASSWORD;"Confirmation du mot de passe"
REQUEST_FORM_COMMENT;Commentaires
REQUEST_FORM_SUCCESS;"Votre demande a "
REQUEST_HELP;Aide
REQUEST_SELECTED_ITEMS;"Demander les "
RESEAUX_SOCIAUX;"Réseaux sociaux"
RESET_LIST;R
REST_TRASH;Restore
RESULTS;R
RESULTS_FOUND;r
RESULTS_GSA;"Résultat trouvé pour"
RESULTS_OF;R
RESULTS_ORDERED_BY;R
RESULTS_PER_PAGE;"Nombre de r"
"Robots seo";Robots
ROLE;Role
ROLES;R
ROLL_OVER;"Roll over"
"Root directory";Root
ROOT_FOLDER;"Root folder"
ROUGE;Red
RSS_FEED;"Flux RSS"
RUBRIQUE;Topic
RUBRIQUES;Topics
RUBRIQUES_FAQ;"Rubriques des FAQ"
SAVE_CSV_TRAD_FO;"Enregistrer CSV"
SAVE_DNS;"Save DNS"
SAVE_MY_QUICKLINKS;"Enregistrer ma liste "
SCHEDULING_BLOC;"Programmable block"
SEARCH;Rechercher
SEARCH_PRODUCTS_BY_FEATURE;"Rechercher des produits par fonction"
SEARCH_PRODUCTS_BY_RETAIL_NAME_PART_NUMBER;"Rechercher des produits par nom / num"
SEARCH_PRODUCTS_NO_FEATURE_AVAILABLE;"Pas de fonctions disponibles pour la s"
SEARCH_PRODUCTS_PLEASE_SELECT_CAT;"Veuillez s"
SEARCH_URL;"Search Url"
SECOND_NAME;Lastname
SECTION;Section
See;See
SEE_MORE;"Pour en savoir plus"
SEIZE_NEUVIEME;16/9
"Selected blocs";"Selected blocks"
SELECTION_VEHICULES;"vehicles choose"
SELECT_YOUR_BUSINESS_PROFILE;"Veuillez s"
SELECT_YOUR_POSITION;"Veuillez choisir votre poste"
Send;Sending
SEND_REQUEST;"Envoyer la demande"
SEO;SEO
SERVICES;Services
"Services included in package";"Services included in the package"
SETTINGS;Settings
SHARER_TITLE;"Titre sharer"
"Short Content";R
SHORTCUT;Shortcut.
SHORT_ADDRESS;"Short address"
SHORT_TITLE;"Short title"
SHOW_ALL;"Voir tout"
SHOW_ASSISTANCE;Assistance
SHOW_PIC;"Display pic"
SHOW_VIDEO;"Video display"
SITE;Site
"Site languages";"The site's languages"
Site(s);Site(s)
Sites;Sites
SITES_APPLICATIONS_MOBILES;"Mobiles sites"
SITE_LANGS;"Site langs"
SIZE;Taille
SLIDE_OFFRE_ADD_FORM;Offer
SOCIAL_GROUP;"Social group"
SORT_LIST;"Trier par"
SOUS_TITRE;Subtitle
START;Beginning
"Start hour";"Start time"
"Start state";"State of departure"
START_DATE_VIEWING;"Start showing date"
State;Status
Statistics;Statistics
STATISTIQUES;Statistiques
STREET;"STREET - N/A"
SUBJECT_CONTACT_MAIL;Sujet
Subscribe;Subscribe
"Subscribers list";"List of subscribers"
"Subscribers profiles";"Subscriber profiles"
SUBSCRIBER_PROFIL;"Subscriber profile"
SUBSCRIPTION_DATE;"Registration Date"
Subtitle;"Sub title"
SUCCES_IMPORT;"Import effectué"
SUIVRE;Follow
Sup.;Del.
Suppression;Suppression
SUPP_IMPOS;"Can not delete"
SUR_TWITTER;"On twitter"
TABLE;Table
TABLEAUX_DE_BORD;"Tableaux de bord"
TABLES_DE_REFERENCE;"Tables de r"
TABLES_SYSTEME;"Tables syst"
TABLE_FILTER_ALL;All
TABLE_FORMAT_DAY;d.
TABLE_FORMAT_HOUR;h.
TABLE_NO_RECORD;"No record"
TABLE_PAGE_NEXT;next
TABLE_PAGE_PREV;prev.
TABLE_RECORDS;records
TABLE_REFERENCES;"References' tables"
"Tag http";"Http tag"
"Tag https";"Https tag"
"Tag identifier";"ID Tag"
"Tag type";"Tag type"
TAGS;Tags
TAG_PAGE;"TAG used in a page"
TAILLE;Taille
TARIF_APP;Price
TAXONOMIE;Taxonomie
Taxonomy;Taxonomy
TECHNICAL_SPECIFICATIONS;Sp
TEMPLATE;Template
"Template groups";"Groups templates"
"Template type";"Types of templates"
TEMPLATES;Templates
TEMPLATE_TYPES;"Template types"
TENDER_DOCUMENTS_AVAILABLE;"TENDER_DOCUMENTS_AVAILABLE - N/A"
tete;tete
TEXTE;Text
TEXTE_IN_PAGE;"Text in page"
TEXTE_NOTIFICATION;"Notification text"
THEMES;Themes
THEMES_D_ACTUALITES;"Thèmes d'actualités"
THEMES_TECHNOLGIES;"Technologie themes"
THEMES_TECHNOLOGIE;"Thèmes Technologie"
THEMES_TECHNOLOGIES;"Thèmes Technologie"
TITLE;Title
TITRE;Title
"Titre des pages";"Page Title"
TITRE_BLOC_AUTRES_VEHICULES;"Titre du bloc ""Autres véhicules"""
TITRE_COL;"Column title"
TITRE_COLONNE;"Column title"
TITRE_COURT;"Short title"
TITRE_LONG;Title
TITRE_ONGLET;"Titre de l'onglet"
TOP_PRODUCT;"TOP_PRODUCT - to be translated"
Town;City
TRADUCTION_BO;"Traduction BO"
TRADUCTION_FO;"Traduction FO"
TRASH_PAGE;Trash
TYPE;Type
TYPES_DE_CONTENU;"Types de contenu"
TYPES_DE_MARQUEURS;"Types de marqueurs"
TYPE_CONTENU_ASSOCIE;"Type Related Content"
TYPE_DE_GABARIT;"Type de gabarit"
TYPE_D_AFFICHAGE;Display
TYPE_EXPAND;"Expand type"
TYPE_EXPORT;"Type export"
TYPE_EXPORT_OBLIGATOIRE;"Type export obligatoire"
TYPE_OF_INFORMATION;"Nature des informations"
TYPE_REGROUPEMENT_RESEAUX_SOCIAUX;"Type de regroupement de réseaux sociaux"
TYPE_RESEAU;"Network type"
TYPE_VIDEO;"Video type"
"Unabled until";"Active from"
UNE_UTILISATION;"One use"
UNIQUEMENT_MOBILE;"Uniquement Mobile"
UNIQUEMENT_WEB_TABLETTE;"Uniquement Web / Tablette"
UNITE_LARGEUR;"Width unit"
Until;Until
Upd.;Upd.
UPDATES;Actualit
UPLOAD_FILE_TRAD_FO;"Importer le fichier"
UPLOAD_VAT_CERTIFICATE;"UPLOAD_VAT_CERTIFICATE - N/A"
UPLOAD_VAT_TEXT_EMAIL_REMINDER;"MY_DATA_TEXT_EMAIL_REMINDER - to be translated"
URL;Url
"URL claire";"Clear URL"
"URL extranet";"URL extranet"
"URL principale";"Main URL"
"Url update";"Update URL"
URLS;Url(s)
URL_BOUTIQUE_ACCESSOIRE;"URL de la boutique accessoire"
URL_BOUTIQUE_ACCESSOIRE_MOBILE;"URL de la boutique accessoire mobile"
URL_CONFIGURATEUR;"URL du configurateur"
URL_CONFIGURATEUR_MOBILE;"URL du configurateur mobile"
URL_DEMANDE_BROCHURE;"URL demande de brochure"
URL_DEMANDE_BROCHURE_MOBILE;"URL demande de brochure mobile"
URL_DEMANDE_ESSAI;"URL demande d’essai"
URL_DEMANDE_ESSAI_MOBILE;"URL demande d’essai mobile"
URL_DEMANDE_OFFRE_COMMERCIALE;"URL demande d’offre commerciale"
URL_DEMANDE_OFFRE_COMMERCIALE_MOBILE;"URL demande d’offre commerciale mobile"
URL_EXTERNE;"URL externe"
URL_MOB;"url web"
URL_MOBILE;"mobile url"
URL_PAGE_ABONNEMENT_NEWSLETTER;Link
URL_SETTING;"URL settings"
URL_WEB;"Web url"
User;Utilisateur
Users;Users
USER_NAME;Username
USER_YOUTUBE;"Youtube user id"
UTILISATEUR;User
UTILISATEURS;Utilisateurs
Valider;Valider
VAT_NUMBER;Num
VEHICULES_100;"Véhicules 100%"
VEHICULE_COLOURS;"une teinte"
VEHICULE_COULEUR_LABEL_BCKGRD_WEB;"Visuel de fond WEB"
VEHICULE_COULEUR_LABEL_CAR_MOB;"Visuel véhicule mobile"
VEHICULE_COULEUR_LABEL_CAR_WEB;"Visuel véhicule WEB"
VEHICULE_COULEUR_LABEL_CODE;"Code de la couleur"
VEHICULE_COULEUR_LABEL_CODELCDV;"Code LCDV de la version"
VEHICULE_COULEUR_LABEL_NAME;"Libellé de la couleur"
VEHICULE_COULEUR_LABEL_PICTO;"Picto de couleur"
VEHICULE_LABEL_ASSOCCRITTYPE;"Filtre de type"
VEHICULE_LABEL_CASHPRICE;"Prix comptant"
VEHICULE_LABEL_CASHPRICETYPE;"Type de prix comptant"
VEHICULE_LABEL_CASHPRICE_LM;"Mention légale prix comptant"
VEHICULE_LABEL_CASHPRICE_LM_EX;"Exemple : «Tarif CITROËN TTC conseillé en vigueur »"
VEHICULE_LABEL_CREDITPRICE_FR;"Prix à crédit : premier loyer"
VEHICULE_LABEL_CREDITPRICE_FR_EX;"Exemple : « après un premier loyer de 2.865,00 €»"
VEHICULE_LABEL_CREDITPRICE_FR_LM;"Mentions légales premier loyer"
VEHICULE_LABEL_CREDITPRICE_FR_LM_EX;"Exemple : « Un crédit vous engage et doit être remboursé. Vérifiez vos capacités de remboursement av"
VEHICULE_LABEL_CREDITPRICE_NR;"Prix à crédit : Loyer suivant/à partir de"
VEHICULE_LABEL_CREDITPRICE_NR_EX;"Exemple : « 500€/mois »"
VEHICULE_LABEL_CREDITPRICE_NR_LM;"Mention légale loyer suivant"
VEHICULE_LABEL_DISPLAYCASHPRICE;"Prix comptant"
VEHICULE_LABEL_DISPLAYCREDITPRICE;"Prix à crédit"
VEHICULE_LABEL_DISPLAYPRICE;"Affichage des prix"
VEHICULE_LABEL_GAMME;Gamme
VEHICULE_LABEL_GAMMECONFIG;"Code gamme (via le configurateur)"
VEHICULE_LABEL_GAMMEMANUAL;"Code gamme (manuel)"
VEHICULE_LABEL_GAMMEVP;"Véhicule particulier"
VEHICULE_LABEL_GAMMEVU;"Véhicule utilitaire"
VEHICULE_LABEL_LCDV6CONFIG;"Code LCDV (via le configurateur)"
VEHICULE_LABEL_LCDV6CONFIGRELOAD;"Si un code LCDV est sélectionné, merci d'enregistrer le véhicule pour le rechargement des données pr"
VEHICULE_LABEL_LCDVCONFIG;"Code LCDV (via le configurateur)"
VEHICULE_LABEL_LCDVMANUAL;"Code LCDV (manuel)"
VEHICULE_LABEL_MEDIAWEB;"Visuel de fond WEB"
VEHICULE_LABEL_NAME;"Nom du véhicule"
VEHICULE_LABEL_THUMBNAIL;"Vignette véhicule"
VEHICULE_LABEL_USEFINANCIALSIMULATOR;"Utiliser le Simulateur Financier Groupe"
VEHICULE_LABEL_USEFINANCIALSIMULATOR_RELOAD;"Si vous coché la case, merci d'enregistrer les informa"
VEHICULE_LIST_GAMMECONFIG;"Gamme (config)"
VEHICULE_LIST_GAMMEMANUAL;Gamme
VEHICULE_LIST_LCDV6CONFIG;"LCDV6 (config)"
VEHICULE_LIST_LCDV6MANUAL;LCDV6
VEHICULE_NAME;"Nom du véhicule"
vers;vers.
VERSION;Version
versions;versions
VIDEO;Video
VIDEOS;Videos
VIEW;View
VIGNETTE_VIDEO;Image
VIRTUAL_KEYBOARD;"Virtual Keyboard"
Visual;Visual
Visual1;"Visual 1"
Visual2;"Visual 2"
VISUEL;Visual
VISUEL_EXPAND;"Visuel de l'expand"
VISUEL_EXPAND_GALERIE;"Visuel de l'expand + galerie"
VISUEL_PORTRAIT__2_VISUELS_16_9_EMPILES;"1 visual portrait + 2 visual  16/9 stacked"
VOIR_VERSION_MOBILE_SITE;"Voir la version mobile du site"
Vote;Voter
VOTRE_EMAIL;"Votre email"
VOUS_DEVEZ_AJOUTER_UNE_GALLERIE;"You must add a gallery"
WANTED_TO_OFFER;"WANTED_TO_OFFER - N/A"
WARRANTY;Garantie
WEB;Web
WEB_TABLETTE_MOBILE;"Web / Tablette + Mobile"
WEB_TAB_MOBILE;"Web / Tab + Mobile"
WORKFLOW;Workflow
WRONG_LOGIN;"Username or password incorrect."
YES;Oui
YOUR_COMMENT;Commentaires
YOUR_E_MAIL_ADDRESS_LABEL;"Votre adresse e-mail"
YOUR_POSITION;"Votre poste"
YOUR_POSITION_MARKETING;Marketing
YOUR_POSITION_OTHER;Autre
YOUR_POSITION_OWNER;G
YOUR_POSITION_SALES;Ventes
YOUR_POSITION_SHOP_MANAGER;"Responsable de boutique"
ZIP_CODE;"Code postal"
Zone;Zone
"Zone category";"Area category"
"Zone type";"Type of area"
ZONES;Zones
ZONE_TYPES;"Zone types"
